<configuration>
    <appender name="STDOUT" class="shade.sputnik.ch.qos.logback.core.ConsoleAppender">
        <encoder>
            <pattern>%d{yyyy-MM-dd HH:mm:ss.SSS} [%thread] %-5level %logger{36}.%M\(%line\) - %msg%n</pattern>
        </encoder>
    </appender>
    <appender name="FILE" class="shade.sputnik.ch.qos.logback.core.FileAppender">
        <file>zunit.log</file>
        <append>false</append>
        <!-- encoders are assigned the type
             ch.qos.logback.classic.encoder.PatternLayoutEncoder by default -->
        <encoder>
            <pattern>%d{yyyy-MM-dd HH:mm:ss.SSS} [%thread] %-5level %logger{36}.%M\(%line\) - %msg%n</pattern>
        </encoder>
    </appender>
    <logger name="com.zte.sputnik" level="DEBUG" additivity="false">
        <appender-ref ref="STDOUT"/>
        <appender-ref ref="FILE"/>
    </logger>
    <root level="INFO">
        <appender-ref ref="STDOUT"/>
        <appender-ref ref="FILE"/>
    </root>
</configuration>